/*
    Ameer Arsala
    aarsala@calpoly.edu
*/

INSERT INTO Customers VALUES (1, 'LOGAN', 'JULIET');
INSERT INTO Customers VALUES (2, 'ARZT', 'TERRELL');
INSERT INTO Customers VALUES (3, 'ESPOSITA', 'TRAVIS');
INSERT INTO Customers VALUES (4, 'ENGLEY', 'SIXTA');
INSERT INTO Customers VALUES (5, 'DUNLOW', 'OSVALDO');
INSERT INTO Customers VALUES (6, 'SLINGLAND', 'JOSETTE');
INSERT INTO Customers VALUES (7, 'TOUSSAND', 'SHARRON');
INSERT INTO Customers VALUES (8, 'HELING', 'RUPERT');
INSERT INTO Customers VALUES (9, 'HAFFERKAMP', 'CUC');
INSERT INTO Customers VALUES (10, 'DUKELOW', 'CORETTA');
INSERT INTO Customers VALUES (11, 'STADICK', 'MIGDALIA');
INSERT INTO Customers VALUES (12, 'MCMAHAN', 'MELLIE');
INSERT INTO Customers VALUES (13, 'ARNN', 'KIP');
INSERT INTO Customers VALUES (14, 'SOPKO', 'RAYFORD');
INSERT INTO Customers VALUES (15, 'CALLENDAR', 'DAVID');
INSERT INTO Customers VALUES (16, 'CRUZEN', 'ARIANE');
INSERT INTO Customers VALUES (17, 'MESDAQ', 'CHARLENE');
INSERT INTO Customers VALUES (18, 'DOMKOWSKI', 'ALMETA');
INSERT INTO Customers VALUES (19, 'STENZ', 'NATACHA');
INSERT INTO Customers VALUES (20, 'ZEME', 'STEPHEN');

INSERT INTO Goods VALUES ('20-BC-C-10','Chocolate','Cake',8.95);
INSERT INTO Goods VALUES ('20-BC-L-10','Lemon','Cake',8.95);
INSERT INTO Goods VALUES ('20-CA-7.5','Casino','Cake',15.95);
INSERT INTO Goods VALUES ('24-8x10','Opera','Cake',15.95);
INSERT INTO Goods VALUES ('25-STR-9','Strawberry','Cake',11.95);
INSERT INTO Goods VALUES ('26-8x10','Truffle','Cake',15.95);
INSERT INTO Goods VALUES ('45-CH','Chocolate','Eclair',3.25);
INSERT INTO Goods VALUES ('45-CO','Coffee','Eclair',3.5);
INSERT INTO Goods VALUES ('45-VA','Vanilla','Eclair',3.25);
INSERT INTO Goods VALUES ('46-11','Napoleon','Cake',13.49);
INSERT INTO Goods VALUES ('90-ALM-I','Almond','Tart',3.75);
INSERT INTO Goods VALUES ('90-APIE-10','Apple','Pie',5.25);
INSERT INTO Goods VALUES ('90-APP-11','Apple','Tart',3.25);
INSERT INTO Goods VALUES ('90-APR-PF','Apricot','Tart',3.25);
INSERT INTO Goods VALUES ('90-BER-11','Berry','Tart',3.25);
INSERT INTO Goods VALUES ('90-BLK-PF','Blackberry','Tart',3.25);
INSERT INTO Goods VALUES ('90-BLU-11','Blueberry','Tart',3.25);
INSERT INTO Goods VALUES ('90-CH-PF','Chocolate','Tart',3.75);
INSERT INTO Goods VALUES ('90-CHR-11','Cherry','Tart',3.25);
INSERT INTO Goods VALUES ('90-LEM-11','Lemon','Tart',3.25);
INSERT INTO Goods VALUES ('90-PEC-11','Pecan','Tart',3.75);
INSERT INTO Goods VALUES ('70-GA','Ganache','Cookie',1.15);
INSERT INTO Goods VALUES ('70-GON','Gongolais','Cookie',1.15);
INSERT INTO Goods VALUES ('70-R','Raspberry','Cookie',1.09);
INSERT INTO Goods VALUES ('70-LEM','Lemon','Cookie',0.79);
INSERT INTO Goods VALUES ('70-M-CH-DZ','Chocolate','Meringue',1.25);
INSERT INTO Goods VALUES ('70-M-VA-SM-DZ','Vanilla','Meringue',1.15);
INSERT INTO Goods VALUES ('70-MAR','Marzipan','Cookie',1.25);
INSERT INTO Goods VALUES ('70-TU','Tuile','Cookie',1.25);
INSERT INTO Goods VALUES ('70-W','Walnut','Cookie',0.79);
INSERT INTO Goods VALUES ('50-ALM','Almond','Croissant',1.45);
INSERT INTO Goods VALUES ('50-APP','Apple','Croissant',1.45);
INSERT INTO Goods VALUES ('50-APR','Apricot','Croissant',1.45);
INSERT INTO Goods VALUES ('50-CHS','Cheese','Croissant',1.75);
INSERT INTO Goods VALUES ('50-CH','Chocolate','Croissant',1.75);
INSERT INTO Goods VALUES ('51-APR','Apricot','Danish',1.15);
INSERT INTO Goods VALUES ('51-APP','Apple','Danish',1.15);
INSERT INTO Goods VALUES ('51-ATW','Almond','Twist',1.15);
INSERT INTO Goods VALUES ('51-BC','Almond','Bear Claw',1.95);
INSERT INTO Goods VALUES ('51-BLU','Blueberry','Danish',1.15);

INSERT INTO PurchasedItems VALUES (18129,1,  '70-TU');
INSERT INTO PurchasedItems VALUES (51991,1,  '90-APIE-10');
INSERT INTO PurchasedItems VALUES (51991,2,  '90-CH-PF');
INSERT INTO PurchasedItems VALUES (51991,3,  '90-APP-11');
INSERT INTO PurchasedItems VALUES (51991,4,  '26-8x10');
INSERT INTO PurchasedItems VALUES (83085,1,  '25-STR-9');
INSERT INTO PurchasedItems VALUES (83085,2,  '24-8x10');
INSERT INTO PurchasedItems VALUES (83085,3,  '90-APR-PF');
INSERT INTO PurchasedItems VALUES (83085,4,  '51-ATW');
INSERT INTO PurchasedItems VALUES (83085,5,  '26-8x10');
INSERT INTO PurchasedItems VALUES (70723,1,  '45-CO');
INSERT INTO PurchasedItems VALUES (13355,1,  '24-8x10');
INSERT INTO PurchasedItems VALUES (13355,2,  '70-LEM');
INSERT INTO PurchasedItems VALUES (13355,3,  '46-11');
INSERT INTO PurchasedItems VALUES (52761,1,  '90-ALM-I');
INSERT INTO PurchasedItems VALUES (52761,2,  '26-8x10');
INSERT INTO PurchasedItems VALUES (52761,3,  '50-CHS');
INSERT INTO PurchasedItems VALUES (52761,4,  '90-BLK-PF');
INSERT INTO PurchasedItems VALUES (52761,5,  '90-ALM-I');
INSERT INTO PurchasedItems VALUES (99002,1,  '50-CHS');
INSERT INTO PurchasedItems VALUES (99002,2,  '45-VA');
INSERT INTO PurchasedItems VALUES (58770,1,  '50-CHS');
INSERT INTO PurchasedItems VALUES (58770,2,  '46-11');
INSERT INTO PurchasedItems VALUES (58770,3,  '45-CH');
INSERT INTO PurchasedItems VALUES (58770,4,  '20-CA-7.5');
INSERT INTO PurchasedItems VALUES (84665,1,  '90-BER-11');
INSERT INTO PurchasedItems VALUES (55944,1,  '20-CA-7.5');
INSERT INTO PurchasedItems VALUES (55944,2,  '90-LEM-11');
INSERT INTO PurchasedItems VALUES (55944,3,  '70-R');
INSERT INTO PurchasedItems VALUES (55944,4,  '70-R');
INSERT INTO PurchasedItems VALUES (55944,5,  '50-CHS');
INSERT INTO PurchasedItems VALUES (42166,1,  '70-M-VA-SM-DZ');
INSERT INTO PurchasedItems VALUES (16034,1,  '46-11');
INSERT INTO PurchasedItems VALUES (16034,2,  '26-8x10');
INSERT INTO PurchasedItems VALUES (16034,3,  '45-CH');
INSERT INTO PurchasedItems VALUES (16034,4,  '70-R');
INSERT INTO PurchasedItems VALUES (16034,5,  '46-11');
INSERT INTO PurchasedItems VALUES (25906,1,  '25-STR-9');
INSERT INTO PurchasedItems VALUES (27741,1,  '90-BLK-PF');
INSERT INTO PurchasedItems VALUES (27741,2,  '51-BC');
INSERT INTO PurchasedItems VALUES (27741,3,  '90-APR-PF');
INSERT INTO PurchasedItems VALUES (64451,1,  '90-BER-11');
INSERT INTO PurchasedItems VALUES (64451,2,  '51-BC');
INSERT INTO PurchasedItems VALUES (64451,3,  '24-8x10');
INSERT INTO PurchasedItems VALUES (64451,4,  '90-BLK-PF');
INSERT INTO PurchasedItems VALUES (41028,1,  '90-BER-11');
INSERT INTO PurchasedItems VALUES (73716,1,  '90-PEC-11');
INSERT INTO PurchasedItems VALUES (73716,2,  '90-ALM-I');
INSERT INTO PurchasedItems VALUES (73716,3,  '70-LEM');
INSERT INTO PurchasedItems VALUES (73716,4,  '50-CH');
INSERT INTO PurchasedItems VALUES (76667,1,  '70-GON');
INSERT INTO PurchasedItems VALUES (76667,2,  '90-LEM-11');
INSERT INTO PurchasedItems VALUES (21040,1,  '70-R');
INSERT INTO PurchasedItems VALUES (21040,2,  '20-BC-L-10');
INSERT INTO PurchasedItems VALUES (21040,3,  '90-CH-PF');
INSERT INTO PurchasedItems VALUES (48332,1,  '70-GA');
INSERT INTO PurchasedItems VALUES (48332,2,  '70-R');
INSERT INTO PurchasedItems VALUES (35011,1,  '50-CHS');
INSERT INTO PurchasedItems VALUES (95962,1,  '90-APR-PF');
INSERT INTO PurchasedItems VALUES (95962,2,  '90-CHR-11');
INSERT INTO PurchasedItems VALUES (95962,3,  '50-CH');
INSERT INTO PurchasedItems VALUES (95962,4,  '45-VA');
INSERT INTO PurchasedItems VALUES (44798,1,  '90-APR-PF');
INSERT INTO PurchasedItems VALUES (44798,2,  '90-CH-PF');
INSERT INTO PurchasedItems VALUES (44798,3,  '90-APIE-10');
INSERT INTO PurchasedItems VALUES (44798,4,  '90-APP-11');
INSERT INTO PurchasedItems VALUES (44798,5,  '25-STR-9');
INSERT INTO PurchasedItems VALUES (60270,1,  '20-BC-L-10');
INSERT INTO PurchasedItems VALUES (60270,2,  '90-BLU-11');
INSERT INTO PurchasedItems VALUES (21162,1,  '90-APP-11');
INSERT INTO PurchasedItems VALUES (21162,2,  '70-TU');
INSERT INTO PurchasedItems VALUES (21162,3,  '90-APR-PF');
INSERT INTO PurchasedItems VALUES (77406,1,  '51-ATW');
INSERT INTO PurchasedItems VALUES (77406,2,  '90-BLK-PF');
INSERT INTO PurchasedItems VALUES (77406,3,  '50-APR');
INSERT INTO PurchasedItems VALUES (77406,4,  '50-APR');
INSERT INTO PurchasedItems VALUES (77406,5,  '24-8x10');
INSERT INTO PurchasedItems VALUES (32565,1,  '50-APP');
INSERT INTO PurchasedItems VALUES (32565,2,  '50-APP');
INSERT INTO PurchasedItems VALUES (32565,3,  '45-VA');
INSERT INTO PurchasedItems VALUES (36343,1,  '51-BC');
INSERT INTO PurchasedItems VALUES (36343,2,  '51-BC');
INSERT INTO PurchasedItems VALUES (36343,3,  '70-M-VA-SM-DZ');
INSERT INTO PurchasedItems VALUES (36343,4,  '50-ALM');
INSERT INTO PurchasedItems VALUES (96619,1,  '90-BLK-PF');
INSERT INTO PurchasedItems VALUES (86678,1,  '70-M-VA-SM-DZ');
INSERT INTO PurchasedItems VALUES (86678,2,  '90-LEM-11');
INSERT INTO PurchasedItems VALUES (44330,1,  '70-R');
INSERT INTO PurchasedItems VALUES (44330,2,  '90-BLU-11');
INSERT INTO PurchasedItems VALUES (91937,1,  '51-BC');
INSERT INTO PurchasedItems VALUES (91937,2,  '51-APR');
INSERT INTO PurchasedItems VALUES (21545,1,  '90-BER-11');
INSERT INTO PurchasedItems VALUES (21545,2,  '70-GA');
INSERT INTO PurchasedItems VALUES (21545,3,  '50-ALM');
INSERT INTO PurchasedItems VALUES (21545,4,  '90-BER-11');
INSERT INTO PurchasedItems VALUES (21545,5,  '45-VA');
INSERT INTO PurchasedItems VALUES (29226,1,  '90-PEC-11');
INSERT INTO PurchasedItems VALUES (29226,2,  '90-APIE-10');
INSERT INTO PurchasedItems VALUES (29226,3,  '51-BC');
INSERT INTO PurchasedItems VALUES (29226,4,  '70-W');
INSERT INTO PurchasedItems VALUES (29226,5,  '50-ALM');
INSERT INTO PurchasedItems VALUES (25121,1,  '50-CHS');
INSERT INTO PurchasedItems VALUES (25121,2,  '90-BER-11');
INSERT INTO PurchasedItems VALUES (25121,3,  '45-CH');
INSERT INTO PurchasedItems VALUES (54935,1,  '70-R');
INSERT INTO PurchasedItems VALUES (54935,2,  '45-CH');
INSERT INTO PurchasedItems VALUES (36423,1,  '45-VA');
INSERT INTO PurchasedItems VALUES (83437,1,  '90-LEM-11');
INSERT INTO PurchasedItems VALUES (83437,2,  '51-APR');
INSERT INTO PurchasedItems VALUES (49854,1,  '90-BER-11');
INSERT INTO PurchasedItems VALUES (49854,2,  '90-APP-11');
INSERT INTO PurchasedItems VALUES (99994,1,  '25-STR-9');
INSERT INTO PurchasedItems VALUES (99994,2,  '26-8x10');
INSERT INTO PurchasedItems VALUES (99994,3,  '90-PEC-11');
INSERT INTO PurchasedItems VALUES (99994,4,  '50-CH');
INSERT INTO PurchasedItems VALUES (21622,1,  '45-CO');
INSERT INTO PurchasedItems VALUES (64861,1,  '50-ALM');
INSERT INTO PurchasedItems VALUES (64861,2,  '46-11');
INSERT INTO PurchasedItems VALUES (33456,1,  '46-11');
INSERT INTO PurchasedItems VALUES (33456,2,  '90-BLK-PF');
INSERT INTO PurchasedItems VALUES (75468,1,  '70-M-CH-DZ');
INSERT INTO PurchasedItems VALUES (75468,2,  '70-M-CH-DZ');
INSERT INTO PurchasedItems VALUES (75468,3,  '90-CHR-11');
INSERT INTO PurchasedItems VALUES (56365,1,  '50-APR');
INSERT INTO PurchasedItems VALUES (91192,1,  '51-APP');
INSERT INTO PurchasedItems VALUES (91192,2,  '51-ATW');
INSERT INTO PurchasedItems VALUES (91192,3,  '50-APP');
INSERT INTO PurchasedItems VALUES (82056,1,  '90-APP-11');
INSERT INTO PurchasedItems VALUES (82056,2,  '50-CH');
INSERT INTO PurchasedItems VALUES (82056,3,  '90-BLK-PF');
INSERT INTO PurchasedItems VALUES (82056,4,  '45-CO');
INSERT INTO PurchasedItems VALUES (27192,1,  '70-R');
INSERT INTO PurchasedItems VALUES (27192,2,  '90-BLU-11');
INSERT INTO PurchasedItems VALUES (27192,3,  '70-TU');
INSERT INTO PurchasedItems VALUES (59716,1,  '51-APR');
INSERT INTO PurchasedItems VALUES (59716,2,  '70-MAR');
INSERT INTO PurchasedItems VALUES (59716,3,  '90-BLU-11');
INSERT INTO PurchasedItems VALUES (59716,4,  '45-CO');
INSERT INTO PurchasedItems VALUES (59716,5,  '90-APP-11');
INSERT INTO PurchasedItems VALUES (82795,1,  '90-APR-PF');
INSERT INTO PurchasedItems VALUES (26240,1,  '20-CA-7.5');
INSERT INTO PurchasedItems VALUES (56724,1,  '70-M-VA-SM-DZ');
INSERT INTO PurchasedItems VALUES (70796,1,  '45-CO');
INSERT INTO PurchasedItems VALUES (70796,2,  '20-BC-L-10');
INSERT INTO PurchasedItems VALUES (70796,3,  '45-CH');
INSERT INTO PurchasedItems VALUES (70796,4,  '90-BLU-11');
INSERT INTO PurchasedItems VALUES (37636,1,  '90-APR-PF');
INSERT INTO PurchasedItems VALUES (37636,2,  '90-CH-PF');
INSERT INTO PurchasedItems VALUES (37636,3,  '24-8x10');
INSERT INTO PurchasedItems VALUES (63998,1,  '70-M-VA-SM-DZ');
INSERT INTO PurchasedItems VALUES (48981,1,  '90-CHR-11');
INSERT INTO PurchasedItems VALUES (48981,2,  '50-CHS');
INSERT INTO PurchasedItems VALUES (66704,1,  '90-BER-11');
INSERT INTO PurchasedItems VALUES (66704,2,  '51-APR');
INSERT INTO PurchasedItems VALUES (66704,3,  '70-LEM');
INSERT INTO PurchasedItems VALUES (12698,1,  '51-APP');
INSERT INTO PurchasedItems VALUES (12698,2,  '70-R');
INSERT INTO PurchasedItems VALUES (12698,3,  '26-8x10');
INSERT INTO PurchasedItems VALUES (79287,1,  '90-PEC-11');
INSERT INTO PurchasedItems VALUES (79287,2,  '45-VA');
INSERT INTO PurchasedItems VALUES (79287,3,  '90-LEM-11');
INSERT INTO PurchasedItems VALUES (79287,4,  '90-APP-11');
INSERT INTO PurchasedItems VALUES (79287,5,  '51-BLU');
INSERT INTO PurchasedItems VALUES (55690,1,  '70-M-CH-DZ');
INSERT INTO PurchasedItems VALUES (55690,2,  '51-BLU');
INSERT INTO PurchasedItems VALUES (55690,3,  '90-APP-11');
INSERT INTO PurchasedItems VALUES (94371,1,  '51-BLU');
INSERT INTO PurchasedItems VALUES (26148,1,  '20-CA-7.5');
INSERT INTO PurchasedItems VALUES (26148,2,  '90-BLU-11');
INSERT INTO PurchasedItems VALUES (26148,3,  '51-BLU');
INSERT INTO PurchasedItems VALUES (26148,4,  '70-M-CH-DZ');
INSERT INTO PurchasedItems VALUES (11923,1,  '70-LEM');
INSERT INTO PurchasedItems VALUES (46598,1,  '70-R');
INSERT INTO PurchasedItems VALUES (46598,2,  '70-W');
INSERT INTO PurchasedItems VALUES (46598,3,  '70-R');
INSERT INTO PurchasedItems VALUES (76951,1,  '51-BLU');
INSERT INTO PurchasedItems VALUES (85858,1,  '20-CA-7.5');
INSERT INTO PurchasedItems VALUES (85858,2,  '70-M-VA-SM-DZ');
INSERT INTO PurchasedItems VALUES (85858,3,  '51-BLU');
INSERT INTO PurchasedItems VALUES (85881,1,  '90-APP-11');
INSERT INTO PurchasedItems VALUES (89937,1,  '51-BLU');
INSERT INTO PurchasedItems VALUES (89937,2,  '51-BC');
INSERT INTO PurchasedItems VALUES (89937,3,  '90-BER-11');
INSERT INTO PurchasedItems VALUES (89937,4,  '70-R');
INSERT INTO PurchasedItems VALUES (66227,1,  '90-APP-11');
INSERT INTO PurchasedItems VALUES (66227,2,  '90-APIE-10');
INSERT INTO PurchasedItems VALUES (66227,3,  '70-MAR');
INSERT INTO PurchasedItems VALUES (66227,4,  '90-BLK-PF');
INSERT INTO PurchasedItems VALUES (60240,1,  '90-APP-11');
INSERT INTO PurchasedItems VALUES (60240,2,  '50-ALM');
INSERT INTO PurchasedItems VALUES (86085,1,  '50-APR');
INSERT INTO PurchasedItems VALUES (86085,2,  '50-APP');
INSERT INTO PurchasedItems VALUES (86085,3,  '90-APR-PF');
INSERT INTO PurchasedItems VALUES (86085,4,  '51-ATW');
INSERT INTO PurchasedItems VALUES (67314,1,  '51-BC');
INSERT INTO PurchasedItems VALUES (67314,2,  '50-CHS');
INSERT INTO PurchasedItems VALUES (67314,3,  '70-TU');
INSERT INTO PurchasedItems VALUES (67314,4,  '20-CA-7.5');
INSERT INTO PurchasedItems VALUES (10013,1,  '70-M-CH-DZ');
INSERT INTO PurchasedItems VALUES (26741,1,  '70-GA');
INSERT INTO PurchasedItems VALUES (26741,2,  '50-APP');
INSERT INTO PurchasedItems VALUES (38157,1,  '70-MAR');
INSERT INTO PurchasedItems VALUES (38157,2,  '90-CHR-11');
INSERT INTO PurchasedItems VALUES (38157,3,  '70-LEM');
INSERT INTO PurchasedItems VALUES (38157,4,  '90-CHR-11');
INSERT INTO PurchasedItems VALUES (45873,1,  '70-M-VA-SM-DZ');
INSERT INTO PurchasedItems VALUES (37540,1,  '45-CO');
INSERT INTO PurchasedItems VALUES (37540,2,  '51-APR');
INSERT INTO PurchasedItems VALUES (11891,1,  '45-CO');
INSERT INTO PurchasedItems VALUES (11891,2,  '50-APR');
INSERT INTO PurchasedItems VALUES (11891,3,  '46-11');
INSERT INTO PurchasedItems VALUES (61797,1,  '70-GON');
INSERT INTO PurchasedItems VALUES (61797,2,  '90-CH-PF');
INSERT INTO PurchasedItems VALUES (61797,3,  '70-M-VA-SM-DZ');
INSERT INTO PurchasedItems VALUES (61797,4,  '70-M-CH-DZ');
INSERT INTO PurchasedItems VALUES (61797,5,  '90-BER-11');
INSERT INTO PurchasedItems VALUES (52369,1,  '90-CHR-11');
INSERT INTO PurchasedItems VALUES (52369,2,  '70-TU');
INSERT INTO PurchasedItems VALUES (96430,1,  '90-PEC-11');
INSERT INTO PurchasedItems VALUES (64301,1,  '70-W');
INSERT INTO PurchasedItems VALUES (64301,2,  '51-APR');
INSERT INTO PurchasedItems VALUES (64301,3,  '90-BER-11');
INSERT INTO PurchasedItems VALUES (45976,1,  '24-8x10');
INSERT INTO PurchasedItems VALUES (45976,2,  '51-BC');
INSERT INTO PurchasedItems VALUES (39605,1,  '90-BER-11');
INSERT INTO PurchasedItems VALUES (52013,1,  '70-W');
INSERT INTO PurchasedItems VALUES (52013,2,  '50-ALM');
INSERT INTO PurchasedItems VALUES (52013,3,  '90-ALM-I');
INSERT INTO PurchasedItems VALUES (52013,4,  '90-APP-11');
INSERT INTO PurchasedItems VALUES (88626,1,  '90-APP-11');
INSERT INTO PurchasedItems VALUES (53376,1,  '51-APR');
INSERT INTO PurchasedItems VALUES (53376,2,  '90-CHR-11');
INSERT INTO PurchasedItems VALUES (53376,3,  '90-APIE-10');
INSERT INTO PurchasedItems VALUES (53376,4,  '46-11');
INSERT INTO PurchasedItems VALUES (53376,5,  '90-BLU-11');
INSERT INTO PurchasedItems VALUES (15584,1,  '70-LEM');
INSERT INTO PurchasedItems VALUES (73437,1,  '70-M-CH-DZ');
INSERT INTO PurchasedItems VALUES (24200,1,  '50-CHS');
INSERT INTO PurchasedItems VALUES (92252,1,  '70-GON');
INSERT INTO PurchasedItems VALUES (92252,2,  '51-ATW');
INSERT INTO PurchasedItems VALUES (92252,3,  '51-BLU');
INSERT INTO PurchasedItems VALUES (92252,4,  '45-VA');
INSERT INTO PurchasedItems VALUES (92252,5,  '70-M-VA-SM-DZ');
INSERT INTO PurchasedItems VALUES (39685,1,  '50-APP');
INSERT INTO PurchasedItems VALUES (39685,2,  '70-M-CH-DZ');
INSERT INTO PurchasedItems VALUES (39685,3,  '90-APR-PF');
INSERT INTO PurchasedItems VALUES (39685,4,  '90-APIE-10');
INSERT INTO PurchasedItems VALUES (61378,1,  '51-APR');
INSERT INTO PurchasedItems VALUES (61378,2,  '90-BLK-PF');
INSERT INTO PurchasedItems VALUES (96761,1,  '26-8x10');
INSERT INTO PurchasedItems VALUES (96761,2,  '70-LEM');
INSERT INTO PurchasedItems VALUES (96761,3,  '50-CHS');
INSERT INTO PurchasedItems VALUES (96761,4,  '50-CHS');
INSERT INTO PurchasedItems VALUES (26198,1,  '70-GA');
INSERT INTO PurchasedItems VALUES (26198,2,  '70-GON');
INSERT INTO PurchasedItems VALUES (26198,3,  '50-APP');
INSERT INTO PurchasedItems VALUES (26198,4,  '20-BC-L-10');
INSERT INTO PurchasedItems VALUES (26198,5,  '70-R');
INSERT INTO PurchasedItems VALUES (78179,1,  '51-BLU');
INSERT INTO PurchasedItems VALUES (78179,2,  '50-CHS');
INSERT INTO PurchasedItems VALUES (78179,3,  '90-BLK-PF');
INSERT INTO PurchasedItems VALUES (78179,4,  '45-CO');
INSERT INTO PurchasedItems VALUES (78179,5,  '70-R');
INSERT INTO PurchasedItems VALUES (68890,1,  '50-ALM');
INSERT INTO PurchasedItems VALUES (75526,1,  '90-LEM-11');
INSERT INTO PurchasedItems VALUES (86162,1,  '51-BLU');
INSERT INTO PurchasedItems VALUES (86162,2,  '50-ALM');
INSERT INTO PurchasedItems VALUES (86162,3,  '50-CHS');
INSERT INTO PurchasedItems VALUES (86162,4,  '70-TU');
INSERT INTO PurchasedItems VALUES (86162,5,  '50-ALM');
INSERT INTO PurchasedItems VALUES (13496,1,  '70-W');
INSERT INTO PurchasedItems VALUES (13496,2,  '90-ALM-I');
INSERT INTO PurchasedItems VALUES (13496,3,  '51-ATW');
INSERT INTO PurchasedItems VALUES (13496,4,  '50-APP');
INSERT INTO PurchasedItems VALUES (60469,1,  '51-APR');
INSERT INTO PurchasedItems VALUES (50660,1,  '70-TU');
INSERT INTO PurchasedItems VALUES (50660,2,  '90-APIE-10');
INSERT INTO PurchasedItems VALUES (64553,1,  '51-BC');
INSERT INTO PurchasedItems VALUES (64553,2,  '90-APP-11');
INSERT INTO PurchasedItems VALUES (64553,3,  '70-LEM');
INSERT INTO PurchasedItems VALUES (64553,4,  '90-APP-11');
INSERT INTO PurchasedItems VALUES (57784,1,  '90-CH-PF');
INSERT INTO PurchasedItems VALUES (84258,1,  '51-APP');
INSERT INTO PurchasedItems VALUES (84258,2,  '51-BC');
INSERT INTO PurchasedItems VALUES (68199,1,  '51-APR');
INSERT INTO PurchasedItems VALUES (68199,2,  '24-8x10');
INSERT INTO PurchasedItems VALUES (78187,1,  '51-ATW');
INSERT INTO PurchasedItems VALUES (78187,2,  '51-ATW');
INSERT INTO PurchasedItems VALUES (81517,1,  '70-M-CH-DZ');
INSERT INTO PurchasedItems VALUES (81517,2,  '51-ATW');
INSERT INTO PurchasedItems VALUES (18951,1,  '51-APR');
INSERT INTO PurchasedItems VALUES (20411,1,  '90-APP-11');
INSERT INTO PurchasedItems VALUES (20411,2,  '90-APR-PF');
INSERT INTO PurchasedItems VALUES (55494,1,  '90-APP-11');
INSERT INTO PurchasedItems VALUES (55494,2,  '45-VA');
INSERT INTO PurchasedItems VALUES (42162,1,  '70-M-VA-SM-DZ');
INSERT INTO PurchasedItems VALUES (49977,1,  '26-8x10');
INSERT INTO PurchasedItems VALUES (49977,2,  '45-CO');
INSERT INTO PurchasedItems VALUES (49977,3,  '45-CH');
INSERT INTO PurchasedItems VALUES (49977,4,  '20-BC-L-10');
INSERT INTO PurchasedItems VALUES (89638,1,  '70-M-CH-DZ');
INSERT INTO PurchasedItems VALUES (89638,2,  '70-M-CH-DZ');
INSERT INTO PurchasedItems VALUES (89638,3,  '50-ALM');
INSERT INTO PurchasedItems VALUES (89638,4,  '90-CH-PF');
INSERT INTO PurchasedItems VALUES (73438,1,  '90-CHR-11');
INSERT INTO PurchasedItems VALUES (73438,2,  '50-APR');
INSERT INTO PurchasedItems VALUES (96258,1,  '90-CHR-11');
INSERT INTO PurchasedItems VALUES (96258,2,  '90-BLK-PF');
INSERT INTO PurchasedItems VALUES (96258,3,  '24-8x10');
INSERT INTO PurchasedItems VALUES (96258,4,  '70-LEM');
INSERT INTO PurchasedItems VALUES (19258,1,  '90-CHR-11');
INSERT INTO PurchasedItems VALUES (12800,1,  '70-LEM');
INSERT INTO PurchasedItems VALUES (12800,2,  '20-CA-7.5');
INSERT INTO PurchasedItems VALUES (12800,3,  '90-ALM-I');
INSERT INTO PurchasedItems VALUES (12800,4,  '90-APR-PF');
INSERT INTO PurchasedItems VALUES (81368,1,  '50-CHS');
INSERT INTO PurchasedItems VALUES (81368,2,  '90-CH-PF');
INSERT INTO PurchasedItems VALUES (70655,1,  '26-8x10');
INSERT INTO PurchasedItems VALUES (70655,2,  '70-TU');
INSERT INTO PurchasedItems VALUES (70655,3,  '90-ALM-I');
INSERT INTO PurchasedItems VALUES (70655,4,  '45-CO');
INSERT INTO PurchasedItems VALUES (19002,1,  '26-8x10');
INSERT INTO PurchasedItems VALUES (19002,2,  '25-STR-9');
INSERT INTO PurchasedItems VALUES (31874,1,  '70-MAR');
INSERT INTO PurchasedItems VALUES (31874,2,  '70-MAR');
INSERT INTO PurchasedItems VALUES (31874,3,  '90-LEM-11');
INSERT INTO PurchasedItems VALUES (72207,1,  '70-MAR');
INSERT INTO PurchasedItems VALUES (72207,2,  '20-CA-7.5');
INSERT INTO PurchasedItems VALUES (65091,1,  '51-APR');
INSERT INTO PurchasedItems VALUES (42833,1,  '90-CHR-11');
INSERT INTO PurchasedItems VALUES (42833,2,  '70-W');
INSERT INTO PurchasedItems VALUES (42833,3,  '51-BC');
INSERT INTO PurchasedItems VALUES (72949,1,  '51-APR');
INSERT INTO PurchasedItems VALUES (72949,2,  '70-LEM');
INSERT INTO PurchasedItems VALUES (72949,3,  '90-BLK-PF');
INSERT INTO PurchasedItems VALUES (72949,4,  '51-BLU');
INSERT INTO PurchasedItems VALUES (72949,5,  '70-W');
INSERT INTO PurchasedItems VALUES (46248,1,  '70-M-CH-DZ');
INSERT INTO PurchasedItems VALUES (38849,1,  '45-VA');
INSERT INTO PurchasedItems VALUES (38849,2,  '70-M-VA-SM-DZ');
INSERT INTO PurchasedItems VALUES (38849,3,  '46-11');
INSERT INTO PurchasedItems VALUES (38849,4,  '51-ATW');
INSERT INTO PurchasedItems VALUES (38849,5,  '50-APR');
INSERT INTO PurchasedItems VALUES (86861,1,  '20-BC-L-10');
INSERT INTO PurchasedItems VALUES (86861,2,  '50-CHS');
INSERT INTO PurchasedItems VALUES (86861,3,  '70-GON');
INSERT INTO PurchasedItems VALUES (86861,4,  '51-BLU');
INSERT INTO PurchasedItems VALUES (32701,1,  '90-BLK-PF');
INSERT INTO PurchasedItems VALUES (32701,2,  '50-APR');
INSERT INTO PurchasedItems VALUES (32701,3,  '20-CA-7.5');
INSERT INTO PurchasedItems VALUES (89182,1,  '51-APR');
INSERT INTO PurchasedItems VALUES (89182,2,  '51-APP');
INSERT INTO PurchasedItems VALUES (89182,3,  '70-LEM');
INSERT INTO PurchasedItems VALUES (89182,4,  '50-ALM');
INSERT INTO PurchasedItems VALUES (89182,5,  '45-CH');
INSERT INTO PurchasedItems VALUES (68753,1,  '70-R');
INSERT INTO PurchasedItems VALUES (68753,2,  '46-11');
INSERT INTO PurchasedItems VALUES (68753,3,  '51-BLU');
INSERT INTO PurchasedItems VALUES (68753,4,  '70-W');
INSERT INTO PurchasedItems VALUES (68753,5,  '51-BC');
INSERT INTO PurchasedItems VALUES (39217,1,  '90-ALM-I');
INSERT INTO PurchasedItems VALUES (39217,2,  '51-ATW');
INSERT INTO PurchasedItems VALUES (39217,3,  '45-CH');
INSERT INTO PurchasedItems VALUES (39217,4,  '90-BLK-PF');
INSERT INTO PurchasedItems VALUES (96531,1,  '24-8x10');
INSERT INTO PurchasedItems VALUES (96531,2,  '50-APP');
INSERT INTO PurchasedItems VALUES (96531,3,  '70-GA');
INSERT INTO PurchasedItems VALUES (96531,4,  '50-CHS');
INSERT INTO PurchasedItems VALUES (53922,1,  '70-M-VA-SM-DZ');
INSERT INTO PurchasedItems VALUES (53922,2,  '46-11');
INSERT INTO PurchasedItems VALUES (53922,3,  '20-BC-L-10');
INSERT INTO PurchasedItems VALUES (53922,4,  '70-GON');
INSERT INTO PurchasedItems VALUES (64477,1,  '70-TU');
INSERT INTO PurchasedItems VALUES (64477,2,  '90-PEC-11');
INSERT INTO PurchasedItems VALUES (64477,3,  '90-BLK-PF');
INSERT INTO PurchasedItems VALUES (64477,4,  '51-ATW');
INSERT INTO PurchasedItems VALUES (64477,5,  '20-CA-7.5');
INSERT INTO PurchasedItems VALUES (99058,1,  '50-CHS');
INSERT INTO PurchasedItems VALUES (99058,2,  '90-BLU-11');
INSERT INTO PurchasedItems VALUES (99058,3,  '51-BLU');
INSERT INTO PurchasedItems VALUES (99058,4,  '45-CH');
INSERT INTO PurchasedItems VALUES (99058,5,  '90-CHR-11');
INSERT INTO PurchasedItems VALUES (77032,1,  '50-CH');
INSERT INTO PurchasedItems VALUES (77032,2,  '46-11');
INSERT INTO PurchasedItems VALUES (77032,3,  '50-ALM');
INSERT INTO PurchasedItems VALUES (77032,4,  '70-MAR');
INSERT INTO PurchasedItems VALUES (15286,1,  '70-MAR');
INSERT INTO PurchasedItems VALUES (15286,2,  '50-APP');
INSERT INTO PurchasedItems VALUES (15286,3,  '90-APR-PF');
INSERT INTO PurchasedItems VALUES (59774,1,  '51-BLU');
INSERT INTO PurchasedItems VALUES (59774,2,  '70-GA');
INSERT INTO PurchasedItems VALUES (59774,3,  '90-ALM-I');
INSERT INTO PurchasedItems VALUES (35073,1,  '90-CHR-11');
INSERT INTO PurchasedItems VALUES (35073,2,  '70-GON');
INSERT INTO PurchasedItems VALUES (34910,1,  '51-APP');
INSERT INTO PurchasedItems VALUES (34910,2,  '24-8x10');
INSERT INTO PurchasedItems VALUES (34910,3,  '90-PEC-11');
INSERT INTO PurchasedItems VALUES (34910,4,  '51-BC');
INSERT INTO PurchasedItems VALUES (17685,1,  '20-BC-L-10');
INSERT INTO PurchasedItems VALUES (17685,2,  '50-APP');
INSERT INTO PurchasedItems VALUES (17685,3,  '51-ATW');
INSERT INTO PurchasedItems VALUES (17685,4,  '70-MAR');
INSERT INTO PurchasedItems VALUES (45062,1,  '50-CHS');
INSERT INTO PurchasedItems VALUES (45062,2,  '20-CA-7.5');
INSERT INTO PurchasedItems VALUES (39109,1,  '90-APIE-10');
INSERT INTO PurchasedItems VALUES (39109,2,  '90-APP-11');
INSERT INTO PurchasedItems VALUES (37063,1,  '70-TU');
INSERT INTO PurchasedItems VALUES (37063,2,  '90-APP-11');
INSERT INTO PurchasedItems VALUES (37063,3,  '70-W');
INSERT INTO PurchasedItems VALUES (18567,1,  '70-LEM');
INSERT INTO PurchasedItems VALUES (18567,2,  '90-APR-PF');
INSERT INTO PurchasedItems VALUES (37586,1,  '70-TU');
INSERT INTO PurchasedItems VALUES (62707,1,  '70-R');
INSERT INTO PurchasedItems VALUES (62707,2,  '90-CHR-11');
INSERT INTO PurchasedItems VALUES (62707,3,  '20-BC-L-10');
INSERT INTO PurchasedItems VALUES (62707,4,  '90-APR-PF');
INSERT INTO PurchasedItems VALUES (28117,1,  '90-CH-PF');
INSERT INTO PurchasedItems VALUES (28117,2,  '50-APP');
INSERT INTO PurchasedItems VALUES (28117,3,  '25-STR-9');
INSERT INTO PurchasedItems VALUES (64574,1,  '51-ATW');
INSERT INTO PurchasedItems VALUES (64574,2,  '70-TU');
INSERT INTO PurchasedItems VALUES (64574,3,  '70-W');
INSERT INTO PurchasedItems VALUES (40305,1,  '20-CA-7.5');
INSERT INTO PurchasedItems VALUES (40305,2,  '70-GA');
INSERT INTO PurchasedItems VALUES (33060,1,  '45-CO');
INSERT INTO PurchasedItems VALUES (33060,2,  '46-11');
INSERT INTO PurchasedItems VALUES (33060,3,  '90-BLK-PF');
INSERT INTO PurchasedItems VALUES (12396,1,  '90-BER-11');
INSERT INTO PurchasedItems VALUES (12396,2,  '70-M-VA-SM-DZ');
INSERT INTO PurchasedItems VALUES (12396,3,  '51-BC');
INSERT INTO PurchasedItems VALUES (12396,4,  '90-APR-PF');
INSERT INTO PurchasedItems VALUES (12396,5,  '20-CA-7.5');
INSERT INTO PurchasedItems VALUES (43103,1,  '70-M-CH-DZ');
INSERT INTO PurchasedItems VALUES (39575,1,  '70-M-CH-DZ');
INSERT INTO PurchasedItems VALUES (70162,1,  '46-11');
INSERT INTO PurchasedItems VALUES (70162,2,  '70-M-CH-DZ');
INSERT INTO PurchasedItems VALUES (70162,3,  '50-APR');
INSERT INTO PurchasedItems VALUES (70162,4,  '70-MAR');
INSERT INTO PurchasedItems VALUES (23034,1,  '70-M-CH-DZ');
INSERT INTO PurchasedItems VALUES (23034,2,  '90-APR-PF');
INSERT INTO PurchasedItems VALUES (79296,1,  '90-PEC-11');
INSERT INTO PurchasedItems VALUES (79296,2,  '50-APR');
INSERT INTO PurchasedItems VALUES (79296,3,  '90-ALM-I');
INSERT INTO PurchasedItems VALUES (79296,4,  '51-BC');
INSERT INTO PurchasedItems VALUES (79296,5,  '90-PEC-11');
INSERT INTO PurchasedItems VALUES (74741,1,  '90-APP-11');
INSERT INTO PurchasedItems VALUES (74741,2,  '51-APP');
INSERT INTO PurchasedItems VALUES (74741,3,  '70-MAR');
INSERT INTO PurchasedItems VALUES (98806,1,  '26-8x10');
INSERT INTO PurchasedItems VALUES (98806,2,  '50-APR');
INSERT INTO PurchasedItems VALUES (98806,3,  '90-APIE-10');
INSERT INTO PurchasedItems VALUES (98806,4,  '51-APP');
INSERT INTO PurchasedItems VALUES (43752,1,  '90-BLU-11');
INSERT INTO PurchasedItems VALUES (47353,1,  '90-APR-PF');
INSERT INTO PurchasedItems VALUES (47353,2,  '90-APIE-10');
INSERT INTO PurchasedItems VALUES (47353,3,  '70-TU');
INSERT INTO PurchasedItems VALUES (47353,4,  '90-BLK-PF');
INSERT INTO PurchasedItems VALUES (39829,1,  '20-BC-L-10');
INSERT INTO PurchasedItems VALUES (87454,1,  '90-APIE-10');
INSERT INTO PurchasedItems VALUES (87454,2,  '50-APP');
INSERT INTO PurchasedItems VALUES (76663,1,  '25-STR-9');
INSERT INTO PurchasedItems VALUES (76663,2,  '90-APP-11');
INSERT INTO PurchasedItems VALUES (85492,1,  '70-M-CH-DZ');
INSERT INTO PurchasedItems VALUES (85492,2,  '25-STR-9');
INSERT INTO PurchasedItems VALUES (85492,3,  '90-BLU-11');
INSERT INTO PurchasedItems VALUES (85492,4,  '70-M-CH-DZ');
INSERT INTO PurchasedItems VALUES (48647,1,  '51-BC');
INSERT INTO PurchasedItems VALUES (48647,2,  '90-APIE-10');
INSERT INTO PurchasedItems VALUES (48647,3,  '90-CHR-11');
INSERT INTO PurchasedItems VALUES (61008,1,  '20-CA-7.5');
INSERT INTO PurchasedItems VALUES (61008,2,  '90-APP-11');
INSERT INTO PurchasedItems VALUES (96402,1,  '50-ALM');
INSERT INTO PurchasedItems VALUES (96402,2,  '20-CA-7.5');
INSERT INTO PurchasedItems VALUES (96402,3,  '90-APP-11');
INSERT INTO PurchasedItems VALUES (35904,1,  '46-11');
INSERT INTO PurchasedItems VALUES (35904,2,  '90-APR-PF');
INSERT INTO PurchasedItems VALUES (49845,1,  '90-BLK-PF');
INSERT INTO PurchasedItems VALUES (49845,2,  '70-LEM');
INSERT INTO PurchasedItems VALUES (49845,3,  '50-CH');
INSERT INTO PurchasedItems VALUES (49845,4,  '90-PEC-11');
INSERT INTO PurchasedItems VALUES (46014,1,  '51-ATW');
INSERT INTO PurchasedItems VALUES (46014,2,  '90-APR-PF');
INSERT INTO PurchasedItems VALUES (46014,3,  '45-VA');
INSERT INTO PurchasedItems VALUES (46014,4,  '90-CH-PF');
INSERT INTO PurchasedItems VALUES (46014,5,  '90-BLK-PF');
INSERT INTO PurchasedItems VALUES (46876,1,  '70-TU');
INSERT INTO PurchasedItems VALUES (46876,2,  '51-APP');
INSERT INTO PurchasedItems VALUES (34579,1,  '24-8x10');
INSERT INTO PurchasedItems VALUES (34579,2,  '70-GA');
INSERT INTO PurchasedItems VALUES (34579,3,  '70-TU');
INSERT INTO PurchasedItems VALUES (34579,4,  '26-8x10');
INSERT INTO PurchasedItems VALUES (17729,1,  '51-ATW');
INSERT INTO PurchasedItems VALUES (17729,2,  '50-APP');
INSERT INTO PurchasedItems VALUES (17729,3,  '90-BLU-11');
INSERT INTO PurchasedItems VALUES (17729,4,  '90-CH-PF');
INSERT INTO PurchasedItems VALUES (17729,5,  '20-CA-7.5');
INSERT INTO PurchasedItems VALUES (74952,1,  '45-VA');
INSERT INTO PurchasedItems VALUES (74952,2,  '90-APP-11');
INSERT INTO PurchasedItems VALUES (74952,3,  '90-BER-11');
INSERT INTO PurchasedItems VALUES (61948,1,  '70-MAR');
INSERT INTO PurchasedItems VALUES (61948,2,  '70-GON');
INSERT INTO PurchasedItems VALUES (61948,3,  '45-CH');
INSERT INTO PurchasedItems VALUES (61948,4,  '24-8x10');
INSERT INTO PurchasedItems VALUES (41064,1,  '70-R');
INSERT INTO PurchasedItems VALUES (41064,2,  '90-APR-PF');
INSERT INTO PurchasedItems VALUES (41064,3,  '51-APP');
INSERT INTO PurchasedItems VALUES (17947,1,  '50-APP');
INSERT INTO PurchasedItems VALUES (20913,1,  '90-LEM-11');
INSERT INTO PurchasedItems VALUES (20913,2,  '70-M-CH-DZ');
INSERT INTO PurchasedItems VALUES (20913,3,  '70-LEM');
INSERT INTO PurchasedItems VALUES (95514,1,  '45-CH');
INSERT INTO PurchasedItems VALUES (95514,2,  '46-11');
INSERT INTO PurchasedItems VALUES (95514,3,  '70-MAR');
INSERT INTO PurchasedItems VALUES (95514,4,  '51-APP');
INSERT INTO PurchasedItems VALUES (24829,1,  '20-CA-7.5');
INSERT INTO PurchasedItems VALUES (44590,1,  '90-BLU-11');
INSERT INTO PurchasedItems VALUES (44590,2,  '24-8x10');
INSERT INTO PurchasedItems VALUES (44590,3,  '90-BLU-11');
INSERT INTO PurchasedItems VALUES (44590,4,  '45-CH');
INSERT INTO PurchasedItems VALUES (44590,5,  '90-PEC-11');
INSERT INTO PurchasedItems VALUES (65165,1,  '24-8x10');
INSERT INTO PurchasedItems VALUES (65165,2,  '90-ALM-I');
INSERT INTO PurchasedItems VALUES (65165,3,  '70-R');
INSERT INTO PurchasedItems VALUES (65165,4,  '45-CO');
INSERT INTO PurchasedItems VALUES (89588,1,  '90-BLK-PF');
INSERT INTO PurchasedItems VALUES (53240,1,  '25-STR-9');
INSERT INTO PurchasedItems VALUES (53240,2,  '51-ATW');
INSERT INTO PurchasedItems VALUES (46674,1,  '51-BC');
INSERT INTO PurchasedItems VALUES (67946,1,  '90-PEC-11');
INSERT INTO PurchasedItems VALUES (67946,2,  '90-APR-PF');
INSERT INTO PurchasedItems VALUES (67946,3,  '90-APR-PF');
INSERT INTO PurchasedItems VALUES (67946,4,  '90-LEM-11');
INSERT INTO PurchasedItems VALUES (31233,1,  '70-M-VA-SM-DZ');
INSERT INTO PurchasedItems VALUES (31233,2,  '50-APR');
INSERT INTO PurchasedItems VALUES (31233,3,  '50-CHS');
INSERT INTO PurchasedItems VALUES (31233,4,  '51-BC');
INSERT INTO PurchasedItems VALUES (15904,1,  '90-CH-PF');
INSERT INTO PurchasedItems VALUES (17488,1,  '50-APP');
INSERT INTO PurchasedItems VALUES (97097,1,  '70-MAR');
INSERT INTO PurchasedItems VALUES (50512,1,  '90-APP-11');
INSERT INTO PurchasedItems VALUES (11548,1,  '45-CO');
INSERT INTO PurchasedItems VALUES (11548,2,  '90-APIE-10');
INSERT INTO PurchasedItems VALUES (29908,1,  '45-VA');
INSERT INTO PurchasedItems VALUES (29908,2,  '51-ATW');
INSERT INTO PurchasedItems VALUES (29908,3,  '25-STR-9');
INSERT INTO PurchasedItems VALUES (29908,4,  '70-GA');
INSERT INTO PurchasedItems VALUES (29908,5,  '90-CH-PF');
INSERT INTO PurchasedItems VALUES (20127,1,  '90-BER-11');
INSERT INTO PurchasedItems VALUES (20127,2,  '70-M-CH-DZ');
INSERT INTO PurchasedItems VALUES (41963,1,  '50-ALM');
INSERT INTO PurchasedItems VALUES (41963,2,  '90-CH-PF');
INSERT INTO PurchasedItems VALUES (16532,1,  '50-APP');
INSERT INTO PurchasedItems VALUES (16532,2,  '70-MAR');
INSERT INTO PurchasedItems VALUES (16532,3,  '70-TU');
INSERT INTO PurchasedItems VALUES (16532,4,  '24-8x10');
INSERT INTO PurchasedItems VALUES (34378,1,  '90-CHR-11');
INSERT INTO PurchasedItems VALUES (34378,2,  '45-VA');

INSERT INTO Receipts VALUES (18129,'2007-10-28',15);
INSERT INTO Receipts VALUES (51991,'2007-10-17',14);
INSERT INTO Receipts VALUES (83085,'2007-10-12',7);
INSERT INTO Receipts VALUES (70723,'2007-10-28',20);
INSERT INTO Receipts VALUES (13355,'2007-10-19',7);
INSERT INTO Receipts VALUES (52761,'2007-10-27',8);
INSERT INTO Receipts VALUES (99002,'2007-10-13',20);
INSERT INTO Receipts VALUES (58770,'2007-10-22',18);
INSERT INTO Receipts VALUES (84665,'2007-10-10',6);
INSERT INTO Receipts VALUES (55944,'2007-10-16',19);
INSERT INTO Receipts VALUES (42166,'2007-10-14',8);
INSERT INTO Receipts VALUES (16034,'2007-10-10',4);
INSERT INTO Receipts VALUES (25906,'2007-10-29',15);
INSERT INTO Receipts VALUES (27741,'2007-10-25',8);
INSERT INTO Receipts VALUES (64451,'2007-10-10',11);
INSERT INTO Receipts VALUES (41028,'2007-10-6',17);
INSERT INTO Receipts VALUES (73716,'2007-10-29',18);
INSERT INTO Receipts VALUES (76667,'2007-10-14',15);
INSERT INTO Receipts VALUES (21040,'2007-10-3',6);
INSERT INTO Receipts VALUES (48332,'2007-10-15',20);
INSERT INTO Receipts VALUES (35011,'2007-10-10',20);
INSERT INTO Receipts VALUES (95962,'2007-10-26',8);
INSERT INTO Receipts VALUES (44798,'2007-10-4',16);
INSERT INTO Receipts VALUES (60270,'2007-10-31',11);
INSERT INTO Receipts VALUES (21162,'2007-10-4',8);
INSERT INTO Receipts VALUES (77406,'2007-10-9',13);
INSERT INTO Receipts VALUES (32565,'2007-10-24',14);
INSERT INTO Receipts VALUES (36343,'2007-10-31',19);
INSERT INTO Receipts VALUES (96619,'2007-10-7',18);
INSERT INTO Receipts VALUES (86678,'2007-10-24',3);
INSERT INTO Receipts VALUES (44330,'2007-10-20',18);
INSERT INTO Receipts VALUES (91937,'2007-10-21',12);
INSERT INTO Receipts VALUES (21545,'2007-10-22',12);
INSERT INTO Receipts VALUES (29226,'2007-10-26',14);
INSERT INTO Receipts VALUES (25121,'2007-10-20',18);
INSERT INTO Receipts VALUES (54935,'2007-10-16',14);
INSERT INTO Receipts VALUES (36423,'2007-10-24',16);
INSERT INTO Receipts VALUES (83437,'2007-10-15',8);
INSERT INTO Receipts VALUES (49854,'2007-10-12',2);
INSERT INTO Receipts VALUES (99994,'2007-10-21',6);
INSERT INTO Receipts VALUES (21622,'2007-10-10',7);
INSERT INTO Receipts VALUES (64861,'2007-10-15',10);
INSERT INTO Receipts VALUES (33456,'2007-10-5',16);
INSERT INTO Receipts VALUES (75468,'2007-10-21',10);
INSERT INTO Receipts VALUES (56365,'2007-10-14',12);
INSERT INTO Receipts VALUES (91192,'2007-10-10',5);
INSERT INTO Receipts VALUES (82056,'2007-10-7',18);
INSERT INTO Receipts VALUES (27192,'2007-10-28',9);
INSERT INTO Receipts VALUES (59716,'2007-10-30',2);
INSERT INTO Receipts VALUES (82795,'2007-10-8',15);
INSERT INTO Receipts VALUES (26240,'2007-10-7',16);
INSERT INTO Receipts VALUES (56724,'2007-10-9',13);
INSERT INTO Receipts VALUES (70796,'2007-10-31',12);
INSERT INTO Receipts VALUES (37636,'2007-10-20',1);
INSERT INTO Receipts VALUES (63998,'2007-10-13',20);
INSERT INTO Receipts VALUES (48981,'2007-10-24',20);
INSERT INTO Receipts VALUES (66704,'2007-10-29',14);
INSERT INTO Receipts VALUES (12698,'2007-10-23',19);
INSERT INTO Receipts VALUES (79287,'2007-10-30',8);
INSERT INTO Receipts VALUES (55690,'2007-10-15',19);
INSERT INTO Receipts VALUES (94371,'2007-10-22',8);
INSERT INTO Receipts VALUES (26148,'2007-10-19',20);
INSERT INTO Receipts VALUES (11923,'2007-10-9',15);
INSERT INTO Receipts VALUES (46598,'2007-10-3',14);
INSERT INTO Receipts VALUES (76951,'2007-10-27',14);
INSERT INTO Receipts VALUES (85858,'2007-10-31',1);
INSERT INTO Receipts VALUES (85881,'2007-10-13',1);
INSERT INTO Receipts VALUES (89937,'2007-10-20',7);
INSERT INTO Receipts VALUES (66227,'2007-10-10',1);
INSERT INTO Receipts VALUES (60240,'2007-10-17',17);
INSERT INTO Receipts VALUES (86085,'2007-10-16',1);
INSERT INTO Receipts VALUES (67314,'2007-10-23',6);
INSERT INTO Receipts VALUES (10013,'2007-10-17',15);
INSERT INTO Receipts VALUES (26741,'2007-10-24',7);
INSERT INTO Receipts VALUES (38157,'2007-10-23',16);
INSERT INTO Receipts VALUES (45873,'2007-10-5',13);
INSERT INTO Receipts VALUES (37540,'2007-10-3',20);
INSERT INTO Receipts VALUES (11891,'2007-10-30',7);
INSERT INTO Receipts VALUES (61797,'2007-10-30',8);
INSERT INTO Receipts VALUES (52369,'2007-10-15',5);
INSERT INTO Receipts VALUES (96430,'2007-10-4',18);
INSERT INTO Receipts VALUES (64301,'2007-10-12',14);
INSERT INTO Receipts VALUES (45976,'2007-10-3',10);
INSERT INTO Receipts VALUES (39605,'2007-10-12',12);
INSERT INTO Receipts VALUES (52013,'2007-10-5',13);
INSERT INTO Receipts VALUES (88626,'2007-10-25',17);
INSERT INTO Receipts VALUES (53376,'2007-10-30',8);
INSERT INTO Receipts VALUES (15584,'2007-10-13',3);
INSERT INTO Receipts VALUES (73437,'2007-10-1',6);
INSERT INTO Receipts VALUES (24200,'2007-10-16',9);
INSERT INTO Receipts VALUES (92252,'2007-10-25',7);
INSERT INTO Receipts VALUES (39685,'2007-10-28',1);
INSERT INTO Receipts VALUES (61378,'2007-10-8',11);
INSERT INTO Receipts VALUES (96761,'2007-10-14',20);
INSERT INTO Receipts VALUES (26198,'2007-10-12',11);
INSERT INTO Receipts VALUES (78179,'2007-10-24',14);
INSERT INTO Receipts VALUES (68890,'2007-10-27',7);
INSERT INTO Receipts VALUES (75526,'2007-10-22',18);
INSERT INTO Receipts VALUES (86162,'2007-10-10',16);
INSERT INTO Receipts VALUES (13496,'2007-10-30',11);
INSERT INTO Receipts VALUES (60469,'2007-10-20',4);
INSERT INTO Receipts VALUES (50660,'2007-10-18',9);
INSERT INTO Receipts VALUES (64553,'2007-10-8',17);
INSERT INTO Receipts VALUES (57784,'2007-10-15',7);
INSERT INTO Receipts VALUES (84258,'2007-10-22',2);
INSERT INTO Receipts VALUES (68199,'2007-10-4',9);
INSERT INTO Receipts VALUES (78187,'2007-10-17',14);
INSERT INTO Receipts VALUES (81517,'2007-10-10',1);
INSERT INTO Receipts VALUES (18951,'2007-10-14',20);
INSERT INTO Receipts VALUES (20411,'2007-10-8',7);
INSERT INTO Receipts VALUES (55494,'2007-10-20',15);
INSERT INTO Receipts VALUES (42162,'2007-10-16',7);
INSERT INTO Receipts VALUES (49977,'2007-10-18',3);
INSERT INTO Receipts VALUES (89638,'2007-10-7',4);
INSERT INTO Receipts VALUES (73438,'2007-10-18',10);
INSERT INTO Receipts VALUES (96258,'2007-10-12',8);
INSERT INTO Receipts VALUES (19258,'2007-10-25',5);
INSERT INTO Receipts VALUES (12800,'2007-10-22',11);
INSERT INTO Receipts VALUES (81368,'2007-10-17',19);
INSERT INTO Receipts VALUES (70655,'2007-10-6',2);
INSERT INTO Receipts VALUES (19002,'2007-10-19',6);
INSERT INTO Receipts VALUES (31874,'2007-10-13',2);
INSERT INTO Receipts VALUES (72207,'2007-10-15',1);
INSERT INTO Receipts VALUES (65091,'2007-10-9',17);
INSERT INTO Receipts VALUES (42833,'2007-10-22',3);
INSERT INTO Receipts VALUES (72949,'2007-10-2',6);
INSERT INTO Receipts VALUES (46248,'2007-10-12',11);
INSERT INTO Receipts VALUES (38849,'2007-10-25',1);
INSERT INTO Receipts VALUES (86861,'2007-10-26',9);
INSERT INTO Receipts VALUES (32701,'2007-10-19',16);
INSERT INTO Receipts VALUES (89182,'2007-10-29',5);
INSERT INTO Receipts VALUES (68753,'2007-10-11',5);
INSERT INTO Receipts VALUES (39217,'2007-10-19',20);
INSERT INTO Receipts VALUES (96531,'2007-10-12',8);
INSERT INTO Receipts VALUES (53922,'2007-10-13',2);
INSERT INTO Receipts VALUES (64477,'2007-10-16',6);
INSERT INTO Receipts VALUES (99058,'2007-10-3',14);
INSERT INTO Receipts VALUES (77032,'2007-10-28',14);
INSERT INTO Receipts VALUES (15286,'2007-10-11',6);
INSERT INTO Receipts VALUES (59774,'2007-10-2',16);
INSERT INTO Receipts VALUES (35073,'2007-10-23',5);
INSERT INTO Receipts VALUES (34910,'2007-10-7',20);
INSERT INTO Receipts VALUES (17685,'2007-10-2',12);
INSERT INTO Receipts VALUES (45062,'2007-10-23',1);
INSERT INTO Receipts VALUES (39109,'2007-10-2',16);
INSERT INTO Receipts VALUES (37063,'2007-10-22',14);
INSERT INTO Receipts VALUES (18567,'2007-10-13',7);
INSERT INTO Receipts VALUES (37586,'2007-10-3',8);
INSERT INTO Receipts VALUES (62707,'2007-10-7',8);
INSERT INTO Receipts VALUES (28117,'2007-10-9',5);
INSERT INTO Receipts VALUES (64574,'2007-10-2',6);
INSERT INTO Receipts VALUES (40305,'2007-10-25',8);
INSERT INTO Receipts VALUES (33060,'2007-10-29',20);
INSERT INTO Receipts VALUES (12396,'2007-10-10',10);
INSERT INTO Receipts VALUES (43103,'2007-10-7',4);
INSERT INTO Receipts VALUES (39575,'2007-10-20',20);
INSERT INTO Receipts VALUES (70162,'2007-10-9',19);
INSERT INTO Receipts VALUES (23034,'2007-10-15',17);
INSERT INTO Receipts VALUES (79296,'2007-10-3',19);
INSERT INTO Receipts VALUES (74741,'2007-10-12',20);
INSERT INTO Receipts VALUES (98806,'2007-10-15',17);
INSERT INTO Receipts VALUES (43752,'2007-10-5',5);
INSERT INTO Receipts VALUES (47353,'2007-10-12',6);
INSERT INTO Receipts VALUES (39829,'2007-10-31',3);
INSERT INTO Receipts VALUES (87454,'2007-10-21',6);
INSERT INTO Receipts VALUES (76663,'2007-10-4',10);
INSERT INTO Receipts VALUES (85492,'2007-10-20',12);
INSERT INTO Receipts VALUES (48647,'2007-10-9',3);
INSERT INTO Receipts VALUES (61008,'2007-10-9',14);
INSERT INTO Receipts VALUES (96402,'2007-10-4',6);
INSERT INTO Receipts VALUES (35904,'2007-10-21',10);
INSERT INTO Receipts VALUES (49845,'2007-10-31',20);
INSERT INTO Receipts VALUES (46014,'2007-10-16',15);
INSERT INTO Receipts VALUES (46876,'2007-10-6',13);
INSERT INTO Receipts VALUES (34579,'2007-10-8',7);
INSERT INTO Receipts VALUES (17729,'2007-10-16',16);
INSERT INTO Receipts VALUES (74952,'2007-10-16',5);
INSERT INTO Receipts VALUES (61948,'2007-10-4',5);
INSERT INTO Receipts VALUES (41064,'2007-10-25',16);
INSERT INTO Receipts VALUES (17947,'2007-10-27',7);
INSERT INTO Receipts VALUES (20913,'2007-10-7',8);
INSERT INTO Receipts VALUES (95514,'2007-10-9',10);
INSERT INTO Receipts VALUES (24829,'2007-10-7',15);
INSERT INTO Receipts VALUES (44590,'2007-10-12',1);
INSERT INTO Receipts VALUES (65165,'2007-10-4',4);
INSERT INTO Receipts VALUES (89588,'2007-10-9',7);
INSERT INTO Receipts VALUES (53240,'2007-10-3',14);
INSERT INTO Receipts VALUES (46674,'2007-10-29',15);
INSERT INTO Receipts VALUES (67946,'2007-10-18',7);
INSERT INTO Receipts VALUES (31233,'2007-10-20',13);
INSERT INTO Receipts VALUES (15904,'2007-10-6',13);
INSERT INTO Receipts VALUES (17488,'2007-10-20',6);
INSERT INTO Receipts VALUES (97097,'2007-10-23',9);
INSERT INTO Receipts VALUES (50512,'2007-10-27',8);
INSERT INTO Receipts VALUES (11548,'2007-10-21',13);
INSERT INTO Receipts VALUES (29908,'2007-10-14',13);
INSERT INTO Receipts VALUES (20127,'2007-10-7',15);
INSERT INTO Receipts VALUES (41963,'2007-10-29',8);
INSERT INTO Receipts VALUES (16532,'2007-10-21',4);
INSERT INTO Receipts VALUES (34378,'2007-10-23',6);